{"cameraMode":{"drawMode":0,"name":"Shaded","section":"Shading Mode"},"sceneLighting":true,"audioPlay":false,"sceneViewState":{"showFog":false,"showMaterialUpdate":false,"showSkybox":true,"showFlares":true,"showImageEffects":true,"showParticleSystems":true,"showVisualEffectGraphs":true,"m_FxEnabled":true},"in2DMode":false,"pivot":{"x":-0.023309707641601564,"y":1.1534690856933594,"z":-0.38324546813964846},"rotation":{"x":-0.3722567856311798,"y":-0.2925325334072113,"z":0.12490160018205643,"w":-0.8719578981399536},"size":3.468921184539795,"orthographic":true}