{"cameraMode":{"drawMode":0,"name":"Shaded","section":"Shading Mode"},"sceneLighting":false,"audioPlay":false,"sceneViewState":{"showFog":false,"showMaterialUpdate":false,"showSkybox":true,"showFlares":true,"showImageEffects":true,"showParticleSystems":true},"in2DMode":false,"pivot":{"x":-2.4077868461608888,"y":-0.7597296237945557,"z":0.964796781539917},"rotation":{"x":0.25706008076667788,"y":-0.40412652492523196,"z":0.11945203691720963,"w":0.8696746826171875},"size":1.6630183458328248,"orthographic":true}